acf_values,acf_confidence_lower_bound,acf_confidence_upper_bound,pacf_values,pacf_confidence_lower_bound,pacf_confidence_upper_bound,SKU,lags,significant_acf
1.0,0.0,0.0,1.0,0.0,0.0,Analgesix,0.0,True
0.2760029375932252,-0.1639004221973281,0.1639004221973281,0.2779466202523325,-0.1639004221973281,0.1639004221973281,Analgesix,1.0,True
0.1734788771732053,-0.1759435147211386,0.1759435147211386,0.1069473954659859,-0.1639004221973281,0.1639004221973281,Analgesix,2.0,False
0.1189622418197422,-0.1804799741207157,0.1804799741207157,0.0527453668333604,-0.1639004221973281,0.1639004221973281,Analgesix,3.0,False
0.0834229573896783,-0.1825742645511354,0.1825742645511354,0.0276744772928365,-0.1639004221973281,0.1639004221973281,Analgesix,4.0,False
-0.1328036962600212,-0.1835953896564169,0.1835953896564169,-0.2037378519550271,-0.1639004221973281,0.1639004221973281,Analgesix,5.0,False
-0.166160957979739,-0.1861580921612724,0.1861580921612725,-0.1295342551676361,-0.1639004221973281,0.1639004221973281,Analgesix,6.0,False
-0.0408655421702662,-0.1901005012506385,0.1901005012506385,0.0694762610844629,-0.1639004221973281,0.1639004221973281,Analgesix,7.0,False
-0.0755944243933079,-0.1903363437665515,0.1903363437665514,-0.0223797110655959,-0.1639004221973281,0.1639004221973281,Analgesix,8.0,False
-0.1342824616554364,-0.1911411674144564,0.1911411674144564,-0.0836152534669291,-0.1639004221973281,0.1639004221973281,Analgesix,9.0,False
-0.0617064210904976,-0.1936588077801718,0.1936588077801718,-0.008370336850298,-0.1639004221973281,0.1639004221973281,Analgesix,10.0,False
-0.0377189545858336,-0.1941862714736295,0.1941862714736295,-0.0467152241845463,-0.1639004221973281,0.1639004221973281,Analgesix,11.0,False
-0.1191155288600927,-0.194382988067143,0.194382988067143,-0.1161742928466972,-0.1639004221973281,0.1639004221973281,Analgesix,12.0,False
-0.1157095827774715,-0.1963340209502221,0.1963340209502221,-0.0569339030434151,-0.1639004221973281,0.1639004221973281,Analgesix,13.0,False
0.0435160113032854,-0.1981574596458185,0.1981574596458184,0.1068469037331256,-0.1639004221973281,0.1639004221973281,Analgesix,14.0,False
0.079225891405368,-0.198414006585876,0.198414006585876,0.0832091711913559,-0.1639004221973281,0.1639004221973281,Analgesix,15.0,False
-0.0050780068826608,-0.1992620049500204,0.1992620049500204,-0.0509028211554757,-0.1639004221973281,0.1639004221973281,Analgesix,16.0,False
-0.0752821644427186,-0.1992654812594846,0.1992654812594846,-0.176291282664322,-0.1639004221973281,0.1639004221973281,Analgesix,17.0,False
-0.0693404522236886,-0.2000280553649897,0.2000280553649897,-0.1560216708939652,-0.1639004221973281,0.1639004221973281,Analgesix,18.0,False
-0.0084958043799227,-0.2006727340058875,0.2006727340058875,0.0632235721788946,-0.1639004221973281,0.1639004221973281,Analgesix,19.0,False
-0.0894904160176872,-0.2006823960792301,0.2006823960792301,-0.0031525967883938,-0.1639004221973281,0.1639004221973281,Analgesix,20.0,False
-0.0155962383220756,-0.2017515705121253,0.2017515705121253,0.0521585276742945,-0.1639004221973281,0.1639004221973281,Analgesix,21.0,False
1.0,0.0,0.0,1.0,0.0,0.0,AntifungalY,0.0,True
0.1142209420191825,-0.1639004221973281,0.1639004221973281,0.1150253148503035,-0.1639004221973281,0.1639004221973281,AntifungalY,1.0,False
0.0187437842534259,-0.1660249669213137,0.1660249669213137,0.0058563143359466,-0.1639004221973281,0.1639004221973281,AntifungalY,2.0,False
0.029334191516098,-0.1660818033739936,0.1660818033739936,0.0274798823707467,-0.1639004221973281,0.1639004221973281,AntifungalY,3.0,False
0.0236250645968806,-0.1662209281490581,0.1662209281490581,0.0179220609278231,-0.1639004221973281,0.1639004221973281,AntifungalY,4.0,False
-0.0732738271745875,-0.1663111065769407,0.1663111065769407,-0.0824988524909795,-0.1639004221973281,0.1639004221973281,AntifungalY,5.0,False
-0.1083624670825696,-0.1671760918722346,0.1671760918722346,-0.0983457175601859,-0.1639004221973281,0.1639004221973281,AntifungalY,6.0,False
0.02094746684425,-0.1690524396811869,0.1690524396811869,0.0472918227992539,-0.1639004221973281,0.1639004221973281,AntifungalY,7.0,False
-0.0226134756957056,-0.1691221524269817,0.1691221524269817,-0.0259733601331578,-0.1639004221973281,0.1639004221973281,AntifungalY,8.0,False
-0.0515807910658445,-0.1692033587844945,0.1692033587844945,-0.0421921710433156,-0.1639004221973281,0.1639004221973281,AntifungalY,9.0,False
0.0008495896521395,-0.1696252360111231,0.1696252360111231,0.0109049516100247,-0.1639004221973281,0.1639004221973281,AntifungalY,10.0,False
0.0550752036176218,-0.1696253503221066,0.1696253503221066,0.0450700071969355,-0.1639004221973281,0.1639004221973281,AntifungalY,11.0,False
-0.1433267726871783,-0.1701050483735496,0.1701050483735496,-0.1775325705194425,-0.1639004221973281,0.1639004221973281,AntifungalY,12.0,False
-0.0380867070678382,-0.1733188148388104,0.1733188148388104,0.0012211456015528,-0.1639004221973281,0.1639004221973281,AntifungalY,13.0,False
0.1012028999874171,-0.1735435028343973,0.1735435028343973,0.1156113222513457,-0.1639004221973281,0.1639004221973281,AntifungalY,14.0,False
0.1560899843063503,-0.1751217223915193,0.1751217223915193,0.1567272332167663,-0.1639004221973281,0.1639004221973281,AntifungalY,15.0,False
-0.1062040405773686,-0.1788200753946183,0.1788200753946183,-0.1585147659042883,-0.1639004221973281,0.1639004221973281,AntifungalY,16.0,False
-0.0868878004954177,-0.1805065616548152,0.1805065616548152,-0.1065771067846297,-0.1639004221973281,0.1639004221973281,AntifungalY,17.0,False
-0.0474875952561601,-0.1816266168651922,0.1816266168651922,-0.0886670511766275,-0.1639004221973281,0.1639004221973281,AntifungalY,18.0,False
-0.0208095690787238,-0.1819598458658947,0.1819598458658947,0.0314620620088702,-0.1639004221973281,0.1639004221973281,AntifungalY,19.0,False
-0.0942787406578107,-0.1820237655300645,0.1820237655300645,-0.0542153138715279,-0.1639004221973281,0.1639004221973281,AntifungalY,20.0,False
-0.0506024636553936,-0.183330848299347,0.1833308482993469,-0.0392180937787701,-0.1639004221973281,0.1639004221973281,AntifungalY,21.0,False
1.0,0.0,0.0,1.0,0.0,0.0,Bronchosafe,0.0,True
0.1858092877227286,-0.1639004221973281,0.1639004221973281,0.187117803833452,-0.1639004221973281,0.1639004221973281,Bronchosafe,1.0,True
0.1360352691591,-0.1694646497475937,0.1694646497475937,0.1066872223870748,-0.1639004221973281,0.1639004221973281,Bronchosafe,2.0,False
0.1156740540040826,-0.1723731764989593,0.1723731764989593,0.0787504925150607,-0.1639004221973281,0.1639004221973281,Bronchosafe,3.0,False
0.0729789535034382,-0.1744459839949344,0.1744459839949344,0.0302539239488141,-0.1639004221973281,0.1639004221973281,Bronchosafe,4.0,False
-0.0705894523466985,-0.1752642172041771,0.1752642172041771,-0.1176773006049342,-0.1639004221973281,0.1639004221973281,Bronchosafe,5.0,False
-0.0459629443084554,-0.1760263020684364,0.1760263020684364,-0.0411425463371035,-0.1639004221973281,0.1639004221973281,Bronchosafe,6.0,False
-0.027894546092402,-0.1763484097550202,0.1763484097550202,-0.004603940651917,-0.1639004221973281,0.1639004221973281,Bronchosafe,7.0,False
-0.0365605893525182,-0.1764668996504235,0.1764668996504235,-0.007894457356469,-0.1639004221973281,0.1639004221973281,Bronchosafe,8.0,False
-0.0708115312675928,-0.1766702631901328,0.1766702631901328,-0.0467862125570178,-0.1639004221973281,0.1639004221973281,Bronchosafe,9.0,False
-0.0243704096059619,-0.1774310632855883,0.1774310632855883,-0.0024796160793857,-0.1639004221973281,0.1639004221973281,Bronchosafe,10.0,False
0.0217638832232942,-0.1775209604805761,0.1775209604805761,0.0419006527849456,-0.1639004221973281,0.1639004221973281,Bronchosafe,11.0,False
-0.1230855663802616,-0.1775926235867964,0.1775926235867964,-0.1420605010534305,-0.1639004221973281,0.1639004221973281,Bronchosafe,12.0,False
-0.0100169400663435,-0.1798696818603221,0.1798696818603221,0.0309064788557357,-0.1639004221973281,0.1639004221973281,Bronchosafe,13.0,False
0.0725167822888781,-0.17988466677376,0.17988466677376,0.0985612307858409,-0.1639004221973281,0.1639004221973281,Bronchosafe,14.0,False
0.1458592636364701,-0.1806682734896018,0.1806682734896018,0.1629731954270973,-0.1639004221973281,0.1639004221973281,Bronchosafe,15.0,False
-0.0179819323974386,-0.1838043973334737,0.1838043973334737,-0.0793586266450965,-0.1639004221973281,0.1639004221973281,Bronchosafe,16.0,False
-0.0234374898898295,-0.1838516494371674,0.1838516494371674,-0.1056764395037768,-0.1639004221973281,0.1639004221973281,Bronchosafe,17.0,False
-0.0188041701349842,-0.1839318948179114,0.1839318948179114,-0.054755231177995,-0.1639004221973281,0.1639004221973281,Bronchosafe,18.0,False
-0.0059892534500111,-0.1839835305676705,0.1839835305676705,0.0262905971290129,-0.1639004221973281,0.1639004221973281,Bronchosafe,19.0,False
-0.0205827771333511,-0.1839887680237973,0.1839887680237973,0.0484862122987024,-0.1639004221973281,0.1639004221973281,Bronchosafe,20.0,False
-0.0080007474331173,-0.1840506129096013,0.1840506129096013,-0.0012503948080703,-0.1639004221973281,0.1639004221973281,Bronchosafe,21.0,False
1.0,0.0,0.0,1.0,0.0,0.0,Cancerend,0.0,True
0.1435932868872205,-0.1639004221973281,0.1639004221973281,0.1446045072174121,-0.1639004221973281,0.1639004221973281,Cancerend,1.0,False
0.1616531476777102,-0.167245749957927,0.167245749957927,0.1460904557634988,-0.1639004221973281,0.1639004221973281,Cancerend,2.0,False
0.1763883383609449,-0.1713916945447499,0.1713916945447499,0.1448547053510533,-0.1639004221973281,0.1639004221973281,Cancerend,3.0,True
0.0507081890802551,-0.1762007474373426,0.1762007474373426,-0.0087753695670871,-0.1639004221973281,0.1639004221973281,Cancerend,4.0,False
-0.0163526772363786,-0.1765923326509527,0.1765923326509527,-0.0727884199009225,-0.1639004221973281,0.1639004221973281,Cancerend,5.0,False
0.0055303425173746,-0.1766330065699238,0.1766330065699238,-0.0182317978403926,-0.1639004221973281,0.1639004221973281,Cancerend,6.0,False
-0.0241943079637035,-0.1766376580013694,0.1766376580013694,-0.0191614595493227,-0.1639004221973281,0.1639004221973281,Cancerend,7.0,False
-0.0014051410492566,-0.17672665879048,0.17672665879048,0.0219572543773299,-0.1639004221973281,0.1639004221973281,Cancerend,8.0,False
-0.0767098587054366,-0.1767269589122863,0.1767269589122863,-0.0766915252209848,-0.1639004221973281,0.1639004221973281,Cancerend,9.0,False
0.0152293691717366,-0.177619164256428,0.177619164256428,0.0392618913570092,-0.1639004221973281,0.1639004221973281,Cancerend,10.0,False
0.032578935720795,-0.1776542387390232,0.1776542387390232,0.0532261132424845,-0.1639004221973281,0.1639004221973281,Cancerend,11.0,False
-0.0166499771786628,-0.1778146601444948,0.1778146601444948,-0.0124389746682968,-0.1639004221973281,0.1639004221973281,Cancerend,12.0,False
0.051147656280513,-0.1778565364856581,0.1778565364856582,0.0453425512996841,-0.1639004221973281,0.1639004221973281,Cancerend,13.0,False
0.0764575175970275,-0.1782512301640357,0.1782512301640357,0.0589456800769131,-0.1639004221973281,0.1639004221973281,Cancerend,14.0,False
0.1364395833797174,-0.1791300477308786,0.1791300477308787,0.1398748354206787,-0.1639004221973281,0.1639004221973281,Cancerend,15.0,False
-0.0356960443530987,-0.1819003498855168,0.1819003498855167,-0.1159728695080493,-0.1639004221973281,0.1639004221973281,Cancerend,16.0,False
0.0133926656803396,-0.1820884297612218,0.1820884297612218,-0.038816246989154,-0.1639004221973281,0.1639004221973281,Cancerend,17.0,False
-0.0743958243492167,-0.1821148891797884,0.1821148891797884,-0.1273570884987627,-0.1639004221973281,0.1639004221973281,Cancerend,18.0,False
-0.0732922014065533,-0.1829294839217758,0.1829294839217758,-0.0376194631353673,-0.1639004221973281,0.1639004221973281,Cancerend,19.0,False
0.044974868304055,-0.1837166358791761,0.1837166358791761,0.139494346637587,-0.1639004221973281,0.1639004221973281,Cancerend,20.0,False
0.076201659438767,-0.1840121663690492,0.1840121663690492,0.1360479451164574,-0.1639004221973281,0.1639004221973281,Cancerend,21.0,False
1.0,0.0,0.0,1.0,0.0,0.0,Cardioplus,0.0,True
0.0650747417194613,-0.1639004221973281,0.1639004221973281,0.0655330145484716,-0.1639004221973281,0.1639004221973281,Cardioplus,1.0,False
-0.1699573366417869,-0.1645930315107179,0.1645930315107179,-0.177424618509025,-0.1639004221973281,0.1639004221973281,Cardioplus,2.0,True
0.0397704908595802,-0.1692418042983155,0.1692418042983155,0.0679722950521763,-0.1639004221973281,0.1639004221973281,Cardioplus,3.0,False
0.2313220993011453,-0.1694926765544815,0.1694926765544815,0.2067012615174404,-0.1639004221973281,0.1639004221973281,Cardioplus,4.0,True
0.1957995698755131,-0.1777714215231257,0.1777714215231257,0.2022903632099474,-0.1639004221973281,0.1639004221973281,Cardioplus,5.0,True
-0.1652207773231383,-0.1834732242613317,0.1834732242613317,-0.1427522172354473,-0.1639004221973281,0.1639004221973281,Cardioplus,6.0,False
-0.0976911059987979,-0.1874274534314418,0.1874274534314418,-0.05719334799793,-0.1639004221973281,0.1639004221973281,Cardioplus,7.0,False
0.1285227902786838,-0.1887903435949599,0.1887903435949599,0.0367117365842241,-0.1639004221973281,0.1639004221973281,Cardioplus,8.0,False
0.2158220267374404,-0.1911262859850795,0.1911262859850795,0.1621560756859425,-0.1639004221973281,0.1639004221973281,Cardioplus,9.0,True
-0.0935078854846505,-0.1975646752693507,0.1975646752693507,-0.0787082045013722,-0.1639004221973281,0.1639004221973281,Cardioplus,10.0,False
-0.2424691180538283,-0.1987500247981814,0.1987500247981814,-0.1630516369440582,-0.1639004221973281,0.1639004221973281,Cardioplus,11.0,True
-0.0437667739277249,-0.2065435384297721,0.2065435384297721,-0.1243584054684305,-0.1639004221973281,0.1639004221973281,Cardioplus,12.0,False
0.2105377871095488,-0.206792524994169,0.206792524994169,0.1235564395590168,-0.1639004221973281,0.1639004221973281,Cardioplus,13.0,True
0.0371804021944159,-0.2124726959895937,0.2124726959895937,0.0429325675810007,-0.1639004221973281,0.1639004221973281,Cardioplus,14.0,False
-0.2186716095268777,-0.2126474015269517,0.2126474015269516,-0.0627213048517204,-0.1639004221973281,0.1639004221973281,Cardioplus,15.0,True
-0.1445698886913632,-0.2186046236795033,0.2186046236795033,-0.1304363767558643,-0.1639004221973281,0.1639004221973281,Cardioplus,16.0,False
0.1756986083505297,-0.2211580741912381,0.2211580741912381,0.090017626584906,-0.1639004221973281,0.1639004221973281,Cardioplus,17.0,False
0.1150792419994509,-0.2248764926852712,0.2248764926852712,0.0336236199111368,-0.1639004221973281,0.1639004221973281,Cardioplus,18.0,False
-0.1124883825976964,-0.2264529798200565,0.2264529798200565,0.0507765803100082,-0.1639004221973281,0.1639004221973281,Cardioplus,19.0,False
-0.2053411974084074,-0.2279490955144877,0.2279490955144877,-0.1298557145407957,-0.1639004221973281,0.1639004221973281,Cardioplus,20.0,False
0.1123628884407237,-0.2328651470512612,0.2328651470512611,0.0834263658574215,-0.1639004221973281,0.1639004221973281,Cardioplus,21.0,False
1.0,0.0,0.0,1.0,0.0,0.0,Cardiox,0.0,True
0.3217054393537663,-0.1639004221973281,0.1639004221973281,0.3239709706168209,-0.1639004221973281,0.1639004221973281,Cardiox,1.0,True
0.2364426362862774,-0.1800659881603675,0.1800659881603675,0.1506511657397529,-0.1639004221973281,0.1639004221973281,Cardiox,2.0,True
0.1960303222767598,-0.188221565016415,0.188221565016415,0.0976770204688773,-0.1639004221973281,0.1639004221973281,Cardiox,3.0,True
0.0493045276794265,-0.1936284095477874,0.1936284095477874,-0.0724294737878506,-0.1639004221973281,0.1639004221973281,Cardiox,4.0,False
-0.0942216963942376,-0.1939653762132849,0.1939653762132849,-0.1650712890733699,-0.1639004221973281,0.1639004221973281,Cardiox,5.0,False
-0.1656456314206617,-0.1951910299523616,0.1951910299523616,-0.146861280700757,-0.1639004221973281,0.1639004221973281,Cardiox,6.0,False
-0.0623328370934535,-0.1989314374649326,0.1989314374649326,0.07337452678963,-0.1639004221973281,0.1639004221973281,Cardiox,7.0,False
-0.1109514088895299,-0.1994554225476734,0.1994554225476734,-0.0181632095520947,-0.1639004221973281,0.1639004221973281,Cardiox,8.0,False
-0.1780792353603503,-0.2011065707023561,0.2011065707023561,-0.1221658069710345,-0.1639004221973281,0.1639004221973281,Cardiox,9.0,False
-0.1455350947595947,-0.2052989169222439,0.2052989169222439,-0.0960474687942639,-0.1639004221973281,0.1639004221973281,Cardiox,10.0,False
-0.131731096552589,-0.2080519205542732,0.2080519205542732,-0.0727066923662231,-0.1639004221973281,0.1639004221973281,Cardiox,11.0,False
-0.2020302681046753,-0.210280587336436,0.210280587336436,-0.1386276991414521,-0.1639004221973281,0.1639004221973281,Cardiox,12.0,False
-0.1908531803963953,-0.2154317678121108,0.2154317678121108,-0.0886775349716923,-0.1639004221973281,0.1639004221973281,Cardiox,13.0,False
-0.030340829682286,-0.2199268926255673,0.2199268926255673,0.0927248458729745,-0.1639004221973281,0.1639004221973281,Cardiox,14.0,False
-0.0215071008958055,-0.2200393080051521,0.2200393080051521,0.0073056877718603,-0.1639004221973281,0.1639004221973281,Cardiox,15.0,False
-0.0422439098492245,-0.2200957715189409,0.2200957715189409,-0.0760272922487933,-0.1639004221973281,0.1639004221973281,Cardiox,16.0,False
-0.0445992529255531,-0.2203134732727283,0.2203134732727283,-0.1452264356879512,-0.1639004221973281,0.1639004221973281,Cardiox,17.0,False
-0.0518951353376091,-0.2205558748286253,0.2205558748286253,-0.1559405577300141,-0.1639004221973281,0.1639004221973281,Cardiox,18.0,False
-0.0303566225226336,-0.2208836471109607,0.2208836471109607,-0.0240522290422813,-0.1639004221973281,0.1639004221973281,Cardiox,19.0,False
-0.1097782045686692,-0.2209956923338161,0.2209956923338161,-0.0988030115708001,-0.1639004221973281,0.1639004221973281,Cardiox,20.0,False
-0.0118491327193805,-0.2224557711330285,0.2224557711330285,0.0057450310120924,-0.1639004221973281,0.1639004221973281,Cardiox,21.0,False
1.0,0.0,0.0,1.0,0.0,0.0,Dermacil,0.0,True
0.1774654963974777,-0.1639004221973281,0.1639004221973281,0.1787152534143612,-0.1639004221973281,0.1639004221973281,Dermacil,1.0,True
0.1161043953782091,-0.1689834817809902,0.1689834817809902,0.0886433158670402,-0.1639004221973281,0.1639004221973281,Dermacil,2.0,False
0.0818399071553147,-0.1711130193128961,0.1711130193128961,0.0505731198251562,-0.1639004221973281,0.1639004221973281,Dermacil,3.0,False
0.0079173594296824,-0.1721613036022218,0.1721613036022218,-0.0246361337673483,-0.1639004221973281,0.1639004221973281,Dermacil,4.0,False
-0.1193868160025754,-0.1721710843709182,0.1721710843709182,-0.1398674986460527,-0.1639004221973281,0.1639004221973281,Dermacil,5.0,False
-0.1960139341725152,-0.1743807910409134,0.1743807910409134,-0.1771174164408399,-0.1639004221973281,0.1639004221973281,Dermacil,6.0,True
-0.0600832752425409,-0.180202437675553,0.180202437675553,0.0196753512113826,-0.1639004221973281,0.1639004221973281,Dermacil,7.0,False
-0.1100441648222314,-0.1807397906319827,0.1807397906319827,-0.0578833846155245,-0.1639004221973281,0.1639004221973281,Dermacil,8.0,False
-0.1766354003448816,-0.1825307839140724,0.1825307839140724,-0.1422390143736322,-0.1639004221973281,0.1639004221973281,Dermacil,9.0,False
-0.0713590612969299,-0.18706620082186,0.18706620082186,-0.0288850593122436,-0.1639004221973281,0.1639004221973281,Dermacil,10.0,False
-0.0528068052856934,-0.1877960224348958,0.1877960224348958,-0.0514938603670617,-0.1639004221973281,0.1639004221973281,Dermacil,11.0,False
-0.1128269678922245,-0.1881944900609427,0.1881944900609427,-0.1316035571902905,-0.1639004221973281,0.1639004221973281,Dermacil,12.0,False
-0.0850009204372073,-0.1900029023277777,0.1900029023277777,-0.0802403212218188,-0.1639004221973281,0.1639004221973281,Dermacil,13.0,False
0.0689082736420207,-0.1910216916588324,0.1910216916588324,0.0668446274467342,-0.1639004221973281,0.1639004221973281,Dermacil,14.0,False
0.1165179330510608,-0.1916882882556783,0.1916882882556783,0.0817300627311455,-0.1639004221973281,0.1639004221973281,Dermacil,15.0,False
0.0273325524934784,-0.1935815500606813,0.1935815500606813,-0.0377125223391595,-0.1639004221973281,0.1639004221973281,Dermacil,16.0,False
-0.0574097520233023,-0.1936851931426176,0.1936851931426176,-0.1845281983334418,-0.1639004221973281,0.1639004221973281,Dermacil,17.0,False
-0.0268193655006096,-0.1941417800683283,0.1941417800683282,-0.135552940807083,-0.1639004221973281,0.1639004221973281,Dermacil,18.0,False
-0.0117898950093148,-0.194241280933717,0.194241280933717,-0.0206929230645601,-0.1639004221973281,0.1639004221973281,Dermacil,19.0,False
-0.1123915125029954,-0.194260503749206,0.194260503749206,-0.1045147374962643,-0.1639004221973281,0.1639004221973281,Dermacil,20.0,False
-0.0753652735390164,-0.1959995178659279,0.1959995178659279,-0.0906933602545398,-0.1639004221973281,0.1639004221973281,Dermacil,21.0,False
1.0,0.0,0.0,1.0,0.0,0.0,Dermaglow,0.0,True
0.3505333660091324,-0.1639004221973281,0.1639004221973281,0.3530019108401825,-0.1639004221973281,0.1639004221973281,Dermaglow,1.0,True
0.2831223086292876,-0.1829342593212802,0.1829342593212802,0.185663468455094,-0.1639004221973281,0.1639004221973281,Dermaglow,2.0,True
0.1712576993084769,-0.1943491208564214,0.1943491208564214,0.0317629767557559,-0.1639004221973281,0.1639004221973281,Dermaglow,3.0,False
0.0868538064823416,-0.1983616439493058,0.1983616439493058,-0.0258206942734686,-0.1639004221973281,0.1639004221973281,Dermaglow,4.0,False
0.0421778361605234,-0.1993806249977125,0.1993806249977125,-0.018128701841089,-0.1639004221973281,0.1639004221973281,Dermaglow,5.0,False
-0.0702596938404585,-0.1996201688179867,0.1996201688179867,-0.1149480886452734,-0.1639004221973281,0.1639004221973281,Dermaglow,6.0,False
-0.075387235458517,-0.2002833732127923,0.2002833732127923,-0.0412790707038295,-0.1639004221973281,0.1639004221973281,Dermaglow,7.0,False
-0.0575961445381682,-0.2010442017160729,0.2010442017160729,0.0146955097920709,-0.1639004221973281,0.1639004221973281,Dermaglow,8.0,False
-0.0573638102159291,-0.2014869709617318,0.2014869709617318,-0.0026026706024214,-0.1639004221973281,0.1639004221973281,Dermaglow,9.0,False
-0.0291149609991411,-0.2019252160998662,0.2019252160998662,0.0161060332305701,-0.1639004221973281,0.1639004221973281,Dermaglow,10.0,False
-0.0228990770282686,-0.2020379568164591,0.2020379568164591,0.0029878705352359,-0.1639004221973281,0.1639004221973281,Dermaglow,11.0,False
-0.0642137559731094,-0.2021076657144398,0.2021076657144398,-0.0767969749149405,-0.1639004221973281,0.1639004221973281,Dermaglow,12.0,False
0.0106124024114867,-0.2026549914237609,0.2026549914237609,0.0496097323596348,-0.1639004221973281,0.1639004221973281,Dermaglow,13.0,False
0.1231847553757342,-0.202669919858131,0.202669919858131,0.1735060038967187,-0.1639004221973281,0.1639004221973281,Dermaglow,14.0,False
0.0468773709633172,-0.2046713739482075,0.2046713739482075,-0.0405325018333493,-0.1639004221973281,0.1639004221973281,Dermaglow,15.0,False
-0.0764578560022455,-0.2049595937749913,0.2049595937749913,-0.2004819597157838,-0.1639004221973281,0.1639004221973281,Dermaglow,16.0,False
-0.1754724402582198,-0.205724356374492,0.205724356374492,-0.2121488953460509,-0.1639004221973281,0.1639004221973281,Dermaglow,17.0,False
-0.2186010544547049,-0.209706430077495,0.2097064300774951,-0.1645486987593666,-0.1639004221973281,0.1639004221973281,Dermaglow,18.0,True
-0.1913579322370561,-0.2157410331119263,0.2157410331119263,-0.0335809525173972,-0.1639004221973281,0.1639004221973281,Dermaglow,19.0,False
-0.1828619145093749,-0.2202533766699912,0.2202533766699912,0.0290990639293443,-0.1639004221973281,0.1639004221973281,Dermaglow,20.0,False
-0.104326630227143,-0.2242946477265648,0.2242946477265648,0.0994023376815677,-0.1639004221973281,0.1639004221973281,Dermaglow,21.0,False
1.0,0.0,0.0,1.0,0.0,0.0,Diabecheck,0.0,True
0.1173144869574067,-0.1639004221973281,0.1639004221973281,0.1181406453162616,-0.1639004221973281,0.1639004221973281,Diabecheck,1.0,False
0.1274922494183197,-0.1661408204125825,0.1661408204125825,0.1169760982546795,-0.1639004221973281,0.1639004221973281,Diabecheck,2.0,False
0.2357427271245424,-0.1687485130007956,0.1687485130007956,0.219511460376151,-0.1639004221973281,0.1639004221973281,Diabecheck,3.0,True
0.0552463487722838,-0.1773750323963772,0.1773750323963772,-0.0002139925881465,-0.1639004221973281,0.1639004221973281,Diabecheck,4.0,False
0.1031711322550198,-0.1778366794044536,0.1778366794044536,0.055546771107343,-0.1639004221973281,0.1639004221973281,Diabecheck,5.0,False
-0.0250526022312525,-0.1794373614432401,0.1794373614432401,-0.1048846967467534,-0.1639004221973281,0.1639004221973281,Diabecheck,6.0,False
0.1538370050112346,-0.1795312990068181,0.1795312990068181,0.1588512453236953,-0.1639004221973281,0.1639004221973281,Diabecheck,7.0,False
0.0969169723387481,-0.18303817601646,0.18303817601646,0.0551938797705575,-0.1639004221973281,0.1639004221973281,Diabecheck,8.0,False
-0.0201316059907762,-0.1844115596819862,0.1844115596819862,-0.0373360764874893,-0.1639004221973281,0.1639004221973281,Diabecheck,9.0,False
0.0104979707111556,-0.18447058785568,0.18447058785568,-0.080500417071217,-0.1639004221973281,0.1639004221973281,Diabecheck,10.0,False
0.0190180187035923,-0.1844866360005411,0.184486636000541,0.0047749262033918,-0.1639004221973281,0.1639004221973281,Diabecheck,11.0,False
-0.0511396255445885,-0.1845392939322901,0.1845392939322901,-0.072850148226733,-0.1639004221973281,0.1639004221973281,Diabecheck,12.0,False
-0.0409271033055437,-0.1849196051152302,0.1849196051152302,-0.0073460631558241,-0.1639004221973281,0.1639004221973281,Diabecheck,13.0,False
-0.0017731675407955,-0.185162777214796,0.185162777214796,0.0021596803328012,-0.1639004221973281,0.1639004221973281,Diabecheck,14.0,False
-0.0022039146402279,-0.1851632333624744,0.1851632333624744,0.0102930668894215,-0.1639004221973281,0.1639004221973281,Diabecheck,15.0,False
-0.0181033917552284,-0.1851639380459731,0.1851639380459731,-0.01113401816537,-0.1639004221973281,0.1639004221973281,Diabecheck,16.0,False
-0.0056768794666003,-0.1852114789992616,0.1852114789992616,0.0233852597107836,-0.1639004221973281,0.1639004221973281,Diabecheck,17.0,False
-0.0198453302200617,-0.1852161531865622,0.1852161531865622,-0.0319261368896934,-0.1639004221973281,0.1639004221973281,Diabecheck,18.0,False
-0.0009045694503125,-0.1852732656628589,0.1852732656628589,0.0242713572531351,-0.1639004221973281,0.1639004221973281,Diabecheck,19.0,False
-0.0204404872156557,-0.1852733843028436,0.1852733843028436,-0.0057908637334025,-0.1639004221973281,0.1639004221973281,Diabecheck,20.0,False
0.0908247658781688,-0.1853339544476564,0.1853339544476563,0.1421661053211791,-0.1639004221973281,0.1639004221973281,Diabecheck,21.0,False
1.0,0.0,0.0,1.0,0.0,0.0,Diabetrol,0.0,True
0.1623263615974309,-0.1639004221973281,0.1639004221973281,0.163469504988962,-0.1639004221973281,0.1639004221973281,Diabetrol,1.0,False
0.1370499545150328,-0.1681637257934637,0.1681637257934637,0.1153541728371699,-0.1639004221973281,0.1639004221973281,Diabetrol,2.0,False
0.1638720917963145,-0.171137870049486,0.171137870049486,0.1337320617846323,-0.1639004221973281,0.1639004221973281,Diabetrol,3.0,False
0.0974501575902866,-0.1753024547376407,0.1753024547376407,0.0460416288332014,-0.1639004221973281,0.1639004221973281,Diabetrol,4.0,False
0.0159481462480687,-0.1767517128562976,0.1767517128562975,-0.0387048731238428,-0.1639004221973281,0.1639004221973281,Diabetrol,5.0,False
-0.0361347335365529,-0.1767903646319255,0.1767903646319255,-0.0768030836781664,-0.1639004221973281,0.1639004221973281,Diabetrol,6.0,False
0.1419846858428964,-0.1769886578110774,0.1769886578110774,0.1551148894561071,-0.1639004221973281,0.1639004221973281,Diabetrol,7.0,False
0.0911674512027385,-0.1800224887374962,0.1800224887374962,0.0769562017502228,-0.1639004221973281,0.1639004221973281,Diabetrol,8.0,False
0.0206111582049762,-0.1812585063247382,0.1812585063247382,-0.0130234739590023,-0.1639004221973281,0.1639004221973281,Diabetrol,9.0,False
0.0659996925705718,-0.1813214556580315,0.1813214556580315,0.0179269858859785,-0.1639004221973281,0.1639004221973281,Diabetrol,10.0,False
0.0837837388844814,-0.1819656604772351,0.1819656604772351,0.0367488302132878,-0.1639004221973281,0.1639004221973281,Diabetrol,11.0,False
-0.0233579422727372,-0.1829990373936434,0.1829990373936434,-0.067278186557874,-0.1639004221973281,0.1639004221973281,Diabetrol,12.0,False
-0.014746707996916,-0.1830791102823734,0.1830791102823734,-0.0077547753706968,-0.1639004221973281,0.1639004221973281,Diabetrol,13.0,False
0.1242038563664694,-0.1831110163786422,0.1831110163786422,0.1361509873340482,-0.1639004221973281,0.1639004221973281,Diabetrol,14.0,False
0.1374508716637528,-0.1853603638027544,0.1853603638027544,0.1253056770312902,-0.1639004221973281,0.1639004221973281,Diabetrol,15.0,False
0.0259556280214341,-0.1880784652654792,0.1880784652654792,-0.0245108605237052,-0.1639004221973281,0.1639004221973281,Diabetrol,16.0,False
0.0009288855368859,-0.1881746648290346,0.1881746648290346,-0.0828081767974317,-0.1639004221973281,0.1639004221973281,Diabetrol,17.0,False
0.004189352756292,-0.188174788004228,0.188174788004228,-0.0841192180307372,-0.1639004221973281,0.1639004221973281,Diabetrol,18.0,False
0.0557889380580211,-0.1881772934769545,0.1881772934769545,0.0845810569295595,-0.1639004221973281,0.1639004221973281,Diabetrol,19.0,False
-0.0763664204499518,-0.18862108326695,0.18862108326695,-0.0449008708387417,-0.1639004221973281,0.1639004221973281,Diabetrol,20.0,False
-0.0378210412833477,-0.1894498298342196,0.1894498298342196,-0.0435326285198547,-0.1639004221973281,0.1639004221973281,Diabetrol,21.0,False
1.0,0.0,0.0,1.0,0.0,0.0,Fungistop,0.0,True
0.1832921651181439,-0.1639004221973281,0.1639004221973281,0.184582955013342,-0.1639004221973281,0.1639004221973281,Fungistop,1.0,True
0.1599444218667549,-0.1693173099771966,0.1693173099771966,0.1326621855046793,-0.1639004221973281,0.1639004221973281,Fungistop,2.0,False
0.1574212517861502,-0.1733285883295848,0.1733285883295848,0.1162760226322344,-0.1639004221973281,0.1639004221973281,Fungistop,3.0,False
0.0909331049501184,-0.1771277081943332,0.1771277081943332,0.0323952668057881,-0.1639004221973281,0.1639004221973281,Fungistop,4.0,False
-0.0251982860017089,-0.1783773581753916,0.1783773581753916,-0.0867460086717667,-0.1639004221973281,0.1639004221973281,Fungistop,5.0,False
-0.1016784392905328,-0.178472955570621,0.1784729555706209,-0.1339494989254873,-0.1639004221973281,0.1639004221973281,Fungistop,6.0,False
0.0436057113782002,-0.1800223585958967,0.1800223585958967,0.0836275804530879,-0.1639004221973281,0.1639004221973281,Fungistop,7.0,False
-0.0087855270684879,-0.1803058752657315,0.1803058752657315,0.0194235224421137,-0.1639004221973281,0.1639004221973281,Fungistop,8.0,False
-0.077756419034502,-0.1803173745830882,0.1803173745830882,-0.0638824600073874,-0.1639004221973281,0.1639004221973281,Fungistop,9.0,False
-0.0127157340198031,-0.1812158669835942,0.1812158669835942,0.0023624728268642,-0.1639004221973281,0.1639004221973281,Fungistop,10.0,False
-0.0087494317064951,-0.181239834226363,0.181239834226363,-0.0127638827344594,-0.1639004221973281,0.1639004221973281,Fungistop,11.0,False
-0.0393441107350056,-0.1812511804825578,0.1812511804825578,-0.0320895819179659,-0.1639004221973281,0.1639004221973281,Fungistop,12.0,False
-0.0375058246209436,-0.1814804594242108,0.1814804594242108,-0.0011655978623053,-0.1639004221973281,0.1639004221973281,Fungistop,13.0,False
0.0814622737460342,-0.1816885626348937,0.1816885626348937,0.1110212391338974,-0.1639004221973281,0.1639004221973281,Fungistop,14.0,False
0.0800617132741818,-0.1826671005811714,0.1826671005811714,0.067704620101475,-0.1639004221973281,0.1639004221973281,Fungistop,15.0,False
-0.0060575334397333,-0.1836073288376185,0.1836073288376185,-0.0431086436459139,-0.1639004221973281,0.1639004221973281,Fungistop,16.0,False
-0.0592288712736923,-0.1836126973681029,0.1836126973681029,-0.1278541788500577,-0.1639004221973281,0.1639004221973281,Fungistop,17.0,False
0.0269674125124785,-0.184125226591442,0.184125226591442,0.0117711864424923,-0.1639004221973281,0.1639004221973281,Fungistop,18.0,False
0.0529068080302842,-0.18423129848696,0.18423129848696,0.1019879629127622,-0.1639004221973281,0.1639004221973281,Fungistop,19.0,False
-0.0748970144525086,-0.1846389974220912,0.1846389974220912,-0.0517397221287436,-0.1639004221973281,0.1639004221973281,Fungistop,20.0,False
-0.0003099871238796,-0.1854533435862755,0.1854533435862755,0.0041052349653707,-0.1639004221973281,0.1639004221973281,Fungistop,21.0,False
1.0,0.0,0.0,1.0,0.0,0.0,Hepafix,0.0,True
0.1411702877110359,-0.1639004221973281,0.1639004221973281,0.1421644446667474,-0.1639004221973281,0.1639004221973281,Hepafix,1.0,False
0.1233135984807604,-0.1671348869335716,0.1671348869335716,0.1070148463024531,-0.1639004221973281,0.1639004221973281,Hepafix,2.0,False
0.0778858302037463,-0.1695613507493888,0.1695613507493888,0.0500370370871619,-0.1639004221973281,0.1639004221973281,Hepafix,3.0,False
0.0291908550130042,-0.1705197017733111,0.1705197017733111,0.000677644879492,-0.1639004221973281,0.1639004221973281,Hepafix,4.0,False
-0.1340226606492257,-0.1706538881316127,0.1706538881316127,-0.1623731936838672,-0.1639004221973281,0.1639004221973281,Hepafix,5.0,False
-0.1238920071498138,-0.1734583304853651,0.173458330485365,-0.106762092959053,-0.1639004221973281,0.1639004221973281,Hepafix,6.0,False
0.0544041516047987,-0.175819384058363,0.175819384058363,0.1238841571874154,-0.1639004221973281,0.1639004221973281,Hepafix,7.0,False
-0.0001741257485405,-0.1762710319850321,0.1762710319850321,0.0317862449739184,-0.1639004221973281,0.1639004221973281,Hepafix,8.0,False
-0.0992815853614537,-0.1762710366057046,0.1762710366057046,-0.1153871254906189,-0.1639004221973281,0.1639004221973281,Hepafix,9.0,False
0.021535817759563,-0.1777668513370488,0.1777668513370488,0.014876811033632,-0.1639004221973281,0.1639004221973281,Hepafix,10.0,False
0.0025678291441508,-0.177836923659609,0.177836923659609,-0.0181479078467015,-0.1639004221973281,0.1639004221973281,Hepafix,11.0,False
-0.0470858590923363,-0.1778379196823143,0.1778379196823143,-0.030873269468002,-0.1639004221973281,0.1639004221973281,Hepafix,12.0,False
-0.0594810295066604,-0.1781725061876831,0.1781725061876831,-0.0248661398513463,-0.1639004221973281,0.1639004221973281,Hepafix,13.0,False
0.1018222033711324,-0.178705138794174,0.178705138794174,0.1116641485209261,-0.1639004221973281,0.1639004221973281,Hepafix,14.0,False
0.0559257573490491,-0.1802569060769971,0.1802569060769971,0.036474678239365,-0.1639004221973281,0.1639004221973281,Hepafix,15.0,False
0.0080648468675975,-0.1807224188050435,0.1807224188050435,-0.0039353263698516,-0.1639004221973281,0.1639004221973281,Hepafix,16.0,False
-0.0628432096859068,-0.1807320866293398,0.1807320866293398,-0.1285451642818226,-0.1639004221973281,0.1639004221973281,Hepafix,17.0,False
-0.0372803860571377,-0.181318141165485,0.181318141165485,-0.0798471194823091,-0.1639004221973281,0.1639004221973281,Hepafix,18.0,False
-0.0379204196263002,-0.1815239354450169,0.1815239354450169,0.0322004643907614,-0.1639004221973281,0.1639004221973281,Hepafix,19.0,False
-0.1641376129677991,-0.1817366112949796,0.1817366112949796,-0.1173289849825327,-0.1639004221973281,0.1639004221973281,Hepafix,20.0,False
-0.1301770427085379,-0.1856762106575566,0.1856762106575566,-0.1319763953294783,-0.1639004221973281,0.1639004221973281,Hepafix,21.0,False
1.0,0.0,0.0,1.0,0.0,0.0,Hepaheal,0.0,True
0.1582522180136608,-0.1639004221973281,0.1639004221973281,0.1593666702531936,-0.1639004221973281,0.1639004221973281,Hepaheal,1.0,False
0.0988234616471002,-0.167954955683489,0.167954955683489,0.076777450680007,-0.1639004221973281,0.1639004221973281,Hepaheal,2.0,False
0.0603854173034983,-0.16950978194039,0.16950978194039,0.0358127056090462,-0.1639004221973281,0.1639004221973281,Hepaheal,3.0,False
-0.0263043504077068,-0.1700866694561282,0.1700866694561282,-0.0504756196072115,-0.1639004221973281,0.1639004221973281,Hepaheal,4.0,False
-0.0788923799423172,-0.1701959154649647,0.1701959154649647,-0.0815454851480704,-0.1639004221973281,0.1639004221973281,Hepaheal,5.0,False
-0.1208502731055834,-0.1711754801682061,0.1711754801682061,-0.1028202185660171,-0.1639004221973281,0.1639004221973281,Hepaheal,6.0,False
0.0014583676240572,-0.1734523336677862,0.1734523336677862,0.0537055363789406,-0.1639004221973281,0.1639004221973281,Hepaheal,7.0,False
-0.020234734856818,-0.1734526630602159,0.1734526630602159,-0.0013370728192301,-0.1639004221973281,0.1639004221973281,Hepaheal,8.0,False
-0.1035477076649597,-0.1735160638756609,0.1735160638756609,-0.1095885181118459,-0.1639004221973281,0.1639004221973281,Hepaheal,9.0,False
-0.0276549593675416,-0.1751681732798007,0.1751681732798007,-0.0155240064398368,-0.1639004221973281,0.1639004221973281,Hepaheal,10.0,False
0.0255253635671338,-0.1752854213411991,0.1752854213411991,0.0406713197121415,-0.1639004221973281,0.1639004221973281,Hepaheal,11.0,False
-0.1166925400836589,-0.1753852452507023,0.1753852452507023,-0.1385139993812465,-0.1639004221973281,0.1639004221973281,Hepaheal,12.0,False
-0.0640674493030305,-0.1774586957079981,0.1774586957079981,-0.041913616646038,-0.1639004221973281,0.1639004221973281,Hepaheal,13.0,False
0.1042936423963106,-0.1780789637404956,0.1780789637404956,0.1452911114990486,-0.1639004221973281,0.1639004221973281,Hepaheal,14.0,False
0.1695696212018933,-0.1797123017790319,0.179712301779032,0.170367724062299,-0.1639004221973281,0.1639004221973281,Hepaheal,15.0,False
0.0245606125118273,-0.1839602161800328,0.1839602161800328,-0.047787948117536,-0.1639004221973281,0.1639004221973281,Hepaheal,16.0,False
-0.0736170410113181,-0.1840482826682493,0.1840482826682493,-0.1681556415351196,-0.1639004221973281,0.1639004221973281,Hepaheal,17.0,False
-0.0888750519690084,-0.1848376057684695,0.1848376057684695,-0.154257120726052,-0.1639004221973281,0.1639004221973281,Hepaheal,18.0,False
-0.0309400827486598,-0.1859820302832855,0.1859820302832855,0.0538954521310612,-0.1639004221973281,0.1639004221973281,Hepaheal,19.0,False
-0.106778490807171,-0.1861202502392531,0.1861202502392531,-0.0088156946487644,-0.1639004221973281,0.1639004221973281,Hepaheal,20.0,False
-0.019895818574714,-0.1877586757836412,0.1877586757836412,0.012678539817427,-0.1639004221973281,0.1639004221973281,Hepaheal,21.0,False
1.0,0.0,0.0,1.0,0.0,0.0,Immunoboost,0.0,True
0.3097928879761477,-0.1639004221973281,0.1639004221973281,0.3119745280323177,-0.1639004221973281,0.1639004221973281,Immunoboost,1.0,True
0.2802560060913185,-0.1789401778445728,0.1789401778445728,0.2070554802022811,-0.1639004221973281,0.1639004221973281,Immunoboost,2.0,True
0.3176477081943275,-0.1903666626259295,0.1903666626259295,0.2193885697488531,-0.1639004221973281,0.1639004221973281,Immunoboost,3.0,True
0.3065845085441798,-0.2041090236116473,0.2041090236116473,0.1678198369245733,-0.1639004221973281,0.1639004221973281,Immunoboost,4.0,True
0.355483527031959,-0.2161260834071089,0.2161260834071089,0.2126389648893584,-0.1639004221973281,0.1639004221973281,Immunoboost,5.0,True
0.2067941301996736,-0.2313003416636228,0.2313003416636227,-0.0196115935069807,-0.1639004221973281,0.1639004221973281,Immunoboost,6.0,False
0.2292736844038707,-0.2362147464280257,0.2362147464280257,0.0384790030553969,-0.1639004221973281,0.1639004221973281,Immunoboost,7.0,False
0.2723641512919678,-0.242119034083832,0.242119034083832,0.0875709862688537,-0.1639004221973281,0.1639004221973281,Immunoboost,8.0,True
0.2752437916809499,-0.2502142939425285,0.2502142939425286,0.1002706682991798,-0.1639004221973281,0.1639004221973281,Immunoboost,9.0,True
0.1719275519992986,-0.258219831729253,0.258219831729253,-0.0562466706655665,-0.1639004221973281,0.1639004221973281,Immunoboost,10.0,False
0.144540815793252,-0.2612768520084277,0.2612768520084277,-0.0408195198536088,-0.1639004221973281,0.1639004221973281,Immunoboost,11.0,False
0.1441447504559487,-0.263416123449379,0.2634161234493789,-0.048069415771847,-0.1639004221973281,0.1639004221973281,Immunoboost,12.0,False
0.2813914055477282,-0.2655265933369133,0.2655265933369133,0.1778964767240827,-0.1639004221973281,0.1639004221973281,Immunoboost,13.0,True
0.1822289275381677,-0.2734200284589443,0.2734200284589443,0.0139511999833153,-0.1639004221973281,0.1639004221973281,Immunoboost,14.0,False
0.1402239363299054,-0.2766633964011041,0.2766633964011041,0.0114040497524629,-0.1639004221973281,0.1639004221973281,Immunoboost,15.0,False
0.1371218785740804,-0.2785660597420253,0.2785660597420253,-0.0335046567161072,-0.1639004221973281,0.1639004221973281,Immunoboost,16.0,False
0.2270656055927555,-0.2803733956688413,0.2803733956688412,0.1245169063274668,-0.1639004221973281,0.1639004221973281,Immunoboost,17.0,False
0.2122823780301608,-0.2852706161446646,0.2852706161446646,0.0400873247083978,-0.1639004221973281,0.1639004221973281,Immunoboost,18.0,False
0.1929863954840442,-0.2894830806549783,0.2894830806549783,0.1044580912208049,-0.1639004221973281,0.1639004221973281,Immunoboost,19.0,False
0.1084440869349016,-0.2929188242277348,0.2929188242277347,-0.0873056383327296,-0.1639004221973281,0.1639004221973281,Immunoboost,20.0,False
0.1971788070910216,-0.2939953570857391,0.2939953570857391,0.0729864177885655,-0.1639004221973281,0.1639004221973281,Immunoboost,21.0,False
1.0,0.0,0.0,1.0,0.0,0.0,Immunomax,0.0,True
0.0661317365331012,-0.1639004221973281,0.1639004221973281,0.0665974529875596,-0.1639004221973281,0.1639004221973281,Immunomax,1.0,False
0.0904214875455528,-0.164615664763627,0.164615664763627,0.087657621996033,-0.1639004221973281,0.1639004221973281,Immunomax,2.0,False
0.1047227368227144,-0.1659445359096719,0.1659445359096719,0.0967260460327266,-0.1639004221973281,0.1639004221973281,Immunomax,3.0,False
0.0439391026812257,-0.1677104698859706,0.1677104698859706,0.0262293121869095,-0.1639004221973281,0.1639004221973281,Immunomax,4.0,False
-0.0285443362306553,-0.1680194300495391,0.1680194300495391,-0.0519803586595988,-0.1639004221973281,0.1639004221973281,Immunomax,5.0,False
-0.1027271692602203,-0.1681496484251105,0.1681496484251105,-0.1223774578335774,-0.1639004221973281,0.1639004221973281,Immunomax,6.0,False
0.0992158964782366,-0.169827192117001,0.1698271921170009,0.1195241981396232,-0.1639004221973281,0.1639004221973281,Immunomax,7.0,False
0.0282143594694866,-0.1713772147165385,0.1713772147165385,0.0480401181196814,-0.1639004221973281,0.1639004221973281,Immunomax,8.0,False
-0.0767128813623169,-0.1715019500335007,0.1715019500335007,-0.082937173688677,-0.1639004221973281,0.1639004221973281,Immunomax,9.0,False
-0.0219028213110056,-0.1724212669177147,0.1724212669177147,-0.0417300105541927,-0.1639004221973281,0.1639004221973281,Immunomax,10.0,False
0.0047152579239926,-0.1724959935365982,0.1724959935365982,-0.0011802903521024,-0.1639004221973281,0.1639004221973281,Immunomax,11.0,False
-0.0797350896563112,-0.1724994560198435,0.1724994560198435,-0.0742307845754634,-0.1639004221973281,0.1639004221973281,Immunomax,12.0,False
-0.1110515550357954,-0.1734867133696046,0.1734867133696046,-0.0775845965808014,-0.1639004221973281,0.1639004221973281,Immunomax,13.0,False
0.0761392412285613,-0.1753859213378562,0.1753859213378562,0.1108366923655687,-0.1639004221973281,0.1639004221973281,Immunomax,14.0,False
0.0912289022166492,-0.1762716226551993,0.1762716226551993,0.108304762426307,-0.1639004221973281,0.1639004221973281,Immunomax,15.0,False
-0.0299394302118521,-0.1775354522618885,0.1775354522618885,-0.0342894887957208,-0.1639004221973281,0.1639004221973281,Immunomax,16.0,False
-0.0771043594184616,-0.1776710324762466,0.1776710324762466,-0.1279187547637829,-0.1639004221973281,0.1639004221973281,Immunomax,17.0,False
-0.047741311702741,-0.1785676493997848,0.1785676493997848,-0.1074245694280525,-0.1639004221973281,0.1639004221973281,Immunomax,18.0,False
0.0133168105633754,-0.1789102039125943,0.1789102039125943,0.0512286264748628,-0.1639004221973281,0.1639004221973281,Immunomax,19.0,False
-0.128812489000962,-0.1789368291300239,0.1789368291300239,-0.053759365052696,-0.1639004221973281,0.1639004221973281,Immunomax,20.0,False
-0.0562741113912384,-0.1814107424825466,0.1814107424825466,-0.0469703802252727,-0.1639004221973281,0.1639004221973281,Immunomax,21.0,False
1.0,0.0,0.0,1.0,0.0,0.0,Neurofix,0.0,True
0.1536425274012224,-0.1639004221973281,0.1639004221973281,0.1547245170308084,-0.1639004221973281,0.1639004221973281,Neurofix,1.0,False
0.1190876023203534,-0.1677248407660749,0.1677248407660749,0.0992122204276378,-0.1639004221973281,0.1639004221973281,Neurofix,2.0,False
0.0909536456791359,-0.1699810770127774,0.1699810770127774,0.062826601290914,-0.1639004221973281,0.1639004221973281,Neurofix,3.0,False
0.0274303716330188,-0.1712834614592521,0.1712834614592521,-0.0049812876466243,-0.1639004221973281,0.1639004221973281,Neurofix,4.0,False
-0.11589587756749,-0.1714014279251103,0.1714014279251104,-0.1446102099385184,-0.1639004221973281,0.1639004221973281,Neurofix,5.0,False
-0.1275209360146602,-0.1734938000779211,0.1734938000779211,-0.1129608303996445,-0.1639004221973281,0.1639004221973281,Neurofix,6.0,False
-0.0099518953370267,-0.1759936934484001,0.1759936934484001,0.0489957295973684,-0.1639004221973281,0.1639004221973281,Neurofix,7.0,False
-0.0315481400482573,-0.1760088101133651,0.1760088101133651,0.0118334001336622,-0.1639004221973281,0.1639004221973281,Neurofix,8.0,False
-0.1084838097973667,-0.1761606500342485,0.1761606500342485,-0.0961447189817645,-0.1639004221973281,0.1639004221973281,Neurofix,9.0,False
-0.0209953255779584,-0.17794625588724,0.17794625588724,-0.0097516112260278,-0.1639004221973281,0.1639004221973281,Neurofix,10.0,False
-0.0214385598910588,-0.1780127886159137,0.1780127886159137,-0.0293771839944269,-0.1639004221973281,0.1639004221973281,Neurofix,11.0,False
-0.1144303783841982,-0.1780821336836804,0.1780821336836804,-0.1167588664287347,-0.1639004221973281,0.1639004221973281,Neurofix,12.0,False
-0.104761474595631,-0.1800465507607734,0.1800465507607734,-0.0774603501324029,-0.1639004221973281,0.1639004221973281,Neurofix,13.0,False
0.064217757067859,-0.1816766609708134,0.1816766609708134,0.1088436648525731,-0.1639004221973281,0.1639004221973281,Neurofix,14.0,False
0.0603142350560745,-0.1822854183918356,0.1822854183918356,0.0707016106368058,-0.1639004221973281,0.1639004221973281,Neurofix,15.0,False
0.0129608893337602,-0.182820734899797,0.182820734899797,-0.0048292964169932,-0.1639004221973281,0.1639004221973281,Neurofix,16.0,False
-0.0069328271885469,-0.182845416594956,0.182845416594956,-0.0789586185440816,-0.1639004221973281,0.1639004221973281,Neurofix,17.0,False
0.0198744543904706,-0.1828524779562063,0.1828524779562063,-0.0538152673961521,-0.1639004221973281,0.1639004221973281,Neurofix,18.0,False
-0.001142431509969,-0.1829104983707341,0.1829104983707341,0.0070283764122061,-0.1639004221973281,0.1639004221973281,Neurofix,19.0,False
-0.0731194145823044,-0.1829106900528656,0.1829106900528656,-0.0397336282074353,-0.1639004221973281,0.1639004221973281,Neurofix,20.0,False
-0.0347676185900667,-0.1836942230137175,0.1836942230137175,-0.0286493183593633,-0.1639004221973281,0.1639004221973281,Neurofix,21.0,False
1.0,0.0,0.0,1.0,0.0,0.0,Osteofix,0.0,True
0.2364237645289926,-0.1639004221973281,0.1639004221973281,0.2380887206172249,-0.1639004221973281,0.1639004221973281,Osteofix,1.0,True
0.2203003353411106,-0.1728191725305758,0.1728191725305758,0.1767587103897971,-0.1639004221973281,0.1639004221973281,Osteofix,2.0,True
0.18218995232686,-0.1802052807675315,0.1802052807675315,0.1096661405668761,-0.1639004221973281,0.1639004221973281,Osteofix,3.0,True
0.1767382433716438,-0.1850872849918758,0.1850872849918758,0.0976420826847735,-0.1639004221973281,0.1639004221973281,Osteofix,4.0,False
0.0163603440551831,-0.1895666954286236,0.1895666954286236,-0.0930202194654308,-0.1639004221973281,0.1639004221973281,Osteofix,5.0,False
0.0016497206925795,-0.1896046216458564,0.1896046216458564,-0.0575552523767958,-0.1639004221973281,0.1639004221973281,Osteofix,6.0,False
0.100728111917112,-0.1896050072410639,0.1896050072410639,0.1044768599978452,-0.1639004221973281,0.1639004221973281,Osteofix,7.0,False
0.0468909114604562,-0.1910371116602706,0.1910371116602706,0.0223235186922873,-0.1639004221973281,0.1639004221973281,Osteofix,8.0,False
-0.0239109177128573,-0.1913460478117883,0.1913460478117883,-0.0553154113199707,-0.1639004221973281,0.1639004221973281,Osteofix,9.0,False
0.0541388524595963,-0.1914262972640982,0.1914262972640982,0.0509046410328643,-0.1639004221973281,0.1639004221973281,Osteofix,10.0,False
0.0290373616191884,-0.191837173292909,0.191837173292909,-0.0114166627934575,-0.1639004221973281,0.1639004221973281,Osteofix,11.0,False
-0.0533652960184738,-0.1919552075572929,0.1919552075572929,-0.0812396855015506,-0.1639004221973281,0.1639004221973281,Osteofix,12.0,False
-0.0399941143121609,-0.1923533403420423,0.1923533403420424,-0.0146483662678381,-0.1639004221973281,0.1639004221973281,Osteofix,13.0,False
0.1178504542769638,-0.1925765950472334,0.1925765950472334,0.1620172002989525,-0.1639004221973281,0.1639004221973281,Osteofix,14.0,False
0.1244748929729603,-0.1945043457679264,0.1945043457679264,0.1318834733162976,-0.1639004221973281,0.1639004221973281,Osteofix,15.0,False
0.0552214959199468,-0.1966326064210899,0.1966326064210899,0.0097854557479117,-0.1639004221973281,0.1639004221973281,Osteofix,16.0,False
0.0223067952322383,-0.1970487676400435,0.1970487676400435,-0.0879144485343137,-0.1639004221973281,0.1639004221973281,Osteofix,17.0,False
0.0744033059362663,-0.1971165920535278,0.1971165920535278,-0.0130641732294872,-0.1639004221973281,0.1639004221973281,Osteofix,18.0,False
0.0893599225347051,-0.1978695881159069,0.1978695881159069,0.1003919962214027,-0.1639004221973281,0.1639004221973281,Osteofix,19.0,False
-0.0041816690047878,-0.1989507278004824,0.1989507278004824,-0.0119299023724905,-0.1639004221973281,0.1639004221973281,Osteofix,20.0,False
-0.0268355224682752,-0.198953088883964,0.198953088883964,-0.0902386023018101,-0.1639004221973281,0.1639004221973281,Osteofix,21.0,False
1.0,0.0,0.0,1.0,0.0,0.0,Osteogrow,0.0,True
0.1243467546204787,-0.1639004221973281,0.1639004221973281,0.1252224359910454,-0.1639004221973281,0.1639004221973281,Osteogrow,1.0,False
0.1149213417615556,-0.1664153742342049,0.1664153742342049,0.1024776909126511,-0.1639004221973281,0.1639004221973281,Osteogrow,2.0,False
0.2388331204575488,-0.1685337968720965,0.1685337968720966,0.2238431348194595,-0.1639004221973281,0.1639004221973281,Osteogrow,3.0,True
0.1343944548339075,-0.1773930075794207,0.1773930075794207,0.0858193069006398,-0.1639004221973281,0.1639004221973281,Osteogrow,4.0,False
0.147492943633017,-0.1801074227334359,0.1801074227334359,0.0979355271494977,-0.1639004221973281,0.1639004221973281,Osteogrow,5.0,False
-0.0053281762351754,-0.1833233845815816,0.1833233845815816,-0.1037513708473058,-0.1639004221973281,0.1639004221973281,Osteogrow,6.0,False
0.0688519569439331,-0.1833275445929036,0.1833275445929036,0.0137411191399138,-0.1639004221973281,0.1639004221973281,Osteogrow,7.0,False
0.0729198995049348,-0.184020881842587,0.184020881842587,0.0123998280054587,-0.1639004221973281,0.1639004221973281,Osteogrow,8.0,False
0.0162948447622029,-0.1847954722116765,0.1847954722116765,0.0059724768220921,-0.1639004221973281,0.1639004221973281,Osteogrow,9.0,False
-0.0056279345585974,-0.184834066578881,0.184834066578881,-0.0374159976191115,-0.1639004221973281,0.1639004221973281,Osteogrow,10.0,False
-0.0567789833396716,-0.1848386698949551,0.184838669894955,-0.0796036394231413,-0.1639004221973281,0.1639004221973281,Osteogrow,11.0,False
-0.0737372971047675,-0.1853066130995781,0.1853066130995781,-0.1024565065314719,-0.1639004221973281,0.1639004221973281,Osteogrow,12.0,False
0.0025667713805864,-0.1860931569467371,0.1860931569467371,0.0313808932390342,-0.1639004221973281,0.1639004221973281,Osteogrow,13.0,False
-0.010933106927537,-0.1860941079959882,0.1860941079959882,0.0414599853511582,-0.1639004221973281,0.1639004221973281,Osteogrow,14.0,False
-0.0758595394434797,-0.1861113621861393,0.1861113621861393,-0.0328497617592214,-0.1639004221973281,0.1639004221973281,Osteogrow,15.0,False
-0.09889955809765,-0.1869401469193177,0.1869401469193177,-0.0940694951206004,-0.1639004221973281,0.1639004221973281,Osteogrow,16.0,False
-0.0299109656923444,-0.1883404522082447,0.1883404522082447,-0.0103961401478156,-0.1639004221973281,0.1639004221973281,Osteogrow,17.0,False
-0.0365918181045025,-0.188468016861912,0.188468016861912,-0.0080903987773437,-0.1639004221973281,0.1639004221973281,Osteogrow,18.0,False
-0.0723592073739778,-0.1886587695806991,0.1886587695806992,-0.0060773966368959,-0.1639004221973281,0.1639004221973281,Osteogrow,19.0,False
-0.0890046693357324,-0.189402841921462,0.189402841921462,-0.0500293973248368,-0.1639004221973281,0.1639004221973281,Osteogrow,20.0,False
0.0294438307331016,-0.1905230966284555,0.1905230966284555,0.0835665164902344,-0.1639004221973281,0.1639004221973281,Osteogrow,21.0,False
1.0,0.0,0.0,1.0,0.0,0.0,Thyrocare,0.0,True
0.0928449146596724,-0.1639004221973281,0.1639004221973281,0.0934987520868532,-0.1639004221973281,0.1639004221973281,Thyrocare,1.0,False
0.055078337917093,-0.1653072354609486,0.1653072354609486,0.0475331095299419,-0.1639004221973281,0.1639004221973281,Thyrocare,2.0,False
0.0763576368324895,-0.1657994832783828,0.1657994832783828,0.0693364690910471,-0.1639004221973281,0.1639004221973281,Thyrocare,3.0,False
0.0252100466547367,-0.166741481203869,0.166741481203869,0.0106208618531525,-0.1639004221973281,0.1639004221973281,Thyrocare,4.0,False
-0.0596553640858354,-0.166843841257634,0.166843841257634,-0.0731884428350949,-0.1639004221973281,0.1639004221973281,Thyrocare,5.0,False
-0.1125301370375969,-0.1674158532441758,0.1674158532441758,-0.1154521983263808,-0.1639004221973281,0.1639004221973281,Thyrocare,6.0,False
0.0744313182339707,-0.1694355652876365,0.1694355652876364,0.1044105416951386,-0.1639004221973281,0.1639004221973281,Thyrocare,7.0,False
0.0164079718624485,-0.170311649102568,0.170311649102568,0.0247763595258355,-0.1639004221973281,0.1639004221973281,Thyrocare,8.0,False
-0.0367588416126277,-0.1703541082689827,0.1703541082689827,-0.0330845912119295,-0.1639004221973281,0.1639004221973281,Thyrocare,9.0,False
0.0070013297194146,-0.1705670495289457,0.1705670495289457,-0.0024705262516895,-0.1639004221973281,0.1639004221973281,Thyrocare,10.0,False
-0.0093301496591341,-0.1705747695101116,0.1705747695101116,-0.0305200451841835,-0.1639004221973281,0.1639004221973281,Thyrocare,11.0,False
-0.0921872984869596,-0.1705884784893888,0.1705884784893887,-0.1000841150420094,-0.1639004221973281,0.1639004221973281,Thyrocare,12.0,False
-0.0181630940132562,-0.1719215670551277,0.1719215670551278,0.0266260285227992,-0.1639004221973281,0.1639004221973281,Thyrocare,13.0,False
0.1077430482457476,-0.1719731070477503,0.1719731070477503,0.1350061793642673,-0.1639004221973281,0.1639004221973281,Thyrocare,14.0,False
0.0830682501700962,-0.1737769817030148,0.1737769817030148,0.0818157871653349,-0.1639004221973281,0.1639004221973281,Thyrocare,15.0,False
-0.0304693768251768,-0.1748404173308,0.1748404173308,-0.061660551858905,-0.1639004221973281,0.1639004221973281,Thyrocare,16.0,False
-0.0505034939407273,-0.1749830005465672,0.1749830005465672,-0.1091745983565607,-0.1639004221973281,0.1639004221973281,Thyrocare,17.0,False
-0.0181002579256703,-0.1753741313561931,0.1753741313561931,-0.0522438380587768,-0.1639004221973281,0.1639004221973281,Thyrocare,18.0,False
-0.0042236490540086,-0.1754243080468624,0.1754243080468624,0.0565142577711174,-0.1639004221973281,0.1639004221973281,Thyrocare,19.0,False
-0.1214484111373464,-0.17542703980749,0.17542703980749,-0.0770898796473959,-0.1639004221973281,0.1639004221973281,Thyrocare,20.0,False
-0.0694996789638501,-0.1776713253325863,0.1776713253325863,-0.072540246383764,-0.1639004221973281,0.1639004221973281,Thyrocare,21.0,False
1.0,0.0,0.0,1.0,0.0,0.0,Virustop,0.0,True
-0.018833941283334,-0.1639004221973281,0.1639004221973281,-0.0189665746726533,-0.1639004221973281,0.1639004221973281,Virustop,1.0,False
-0.019561603957208,-0.163958550212134,0.163958550212134,-0.0202060732217111,-0.1639004221973281,0.1639004221973281,Virustop,2.0,False
0.0148191310584065,-0.1640212335318931,0.1640212335318931,0.0143806039012348,-0.1639004221973281,0.1639004221973281,Virustop,3.0,False
0.2127358647849624,-0.1640571966997211,0.1640571966997211,0.2192373048210245,-0.1639004221973281,0.1639004221973281,Virustop,4.0,True
-0.0350075785577557,-0.1713074681097401,0.1713074681097401,-0.0280258760065035,-0.1639004221973281,0.1639004221973281,Virustop,5.0,False
-0.1056160571789424,-0.1714995403457046,0.1714995403457046,-0.1094456498860666,-0.1639004221973281,0.1639004221973281,Virustop,6.0,False
-0.0004424238143087,-0.1732379874399866,0.1732379874399866,-0.0134241363488764,-0.1639004221973281,0.1639004221973281,Virustop,7.0,False
0.0346763722875339,-0.1732380177924517,0.1732380177924517,-0.011754369560748,-0.1639004221973281,0.1639004221973281,Virustop,8.0,False
0.0812872702784401,-0.1734243769426042,0.1734243769426042,0.1124928391843314,-0.1639004221973281,0.1639004221973281,Virustop,9.0,False
-0.0088390288866289,-0.1744448913863976,0.1744448913863976,0.0444815131669005,-0.1639004221973281,0.1639004221973281,Virustop,10.0,False
-0.0451192184551265,-0.1744569222282988,0.1744569222282988,-0.0589144387116194,-0.1639004221973281,0.1639004221973281,Virustop,11.0,False
-0.0909735563203958,-0.1747701104515221,0.1747701104515221,-0.1365196452686828,-0.1639004221973281,0.1639004221973281,Virustop,12.0,False
0.1231113531299217,-0.1760376202628449,0.1760376202628449,0.0947426355528755,-0.1639004221973281,0.1639004221973281,Virustop,13.0,False
0.037493018578522,-0.1783354909662955,0.1783354909662955,0.066273085754932,-0.1639004221973281,0.1639004221973281,Virustop,14.0,False
-0.0391537866859135,-0.178547115284789,0.178547115284789,0.0127408418533866,-0.1639004221973281,0.1639004221973281,Virustop,15.0,False
-0.1124618758978091,-0.1787776172347841,0.1787776172347841,-0.1019372073081124,-0.1639004221973281,0.1639004221973281,Virustop,16.0,False
0.0201972476814884,-0.1806680772717017,0.1806680772717017,-0.0757002933250498,-0.1639004221973281,0.1639004221973281,Virustop,17.0,False
0.0093849061149101,-0.1807287216043745,0.1807287216043745,-0.0339633974163992,-0.1639004221973281,0.1639004221973281,Virustop,18.0,False
-0.0676076386735565,-0.1807418127334186,0.1807418127334186,-0.0218520503876187,-0.1639004221973281,0.1639004221973281,Virustop,19.0,False
-0.2133327585429283,-0.1814198899498285,0.1814198899498285,-0.1941552469597102,-0.1639004221973281,0.1639004221973281,Virustop,20.0,True
-0.0824138805109142,-0.18803809444008,0.18803809444008,-0.1235646989402498,-0.1639004221973281,0.1639004221973281,Virustop,21.0,False
